{
  "within_physionet": {
    "TimeDomain": {
      "LogReg": {
        "mean": 0.5345289871399921,
        "std": 0.018208381617953042,
        "scores": [
          0.5329521417239556,
          0.5411984399788472,
          0.5655076679005817,
          0.5169984102801881,
          0.5159882758163874
        ]
      },
      "SVM": {
        "mean": 0.5225064799542195,
        "std": 0.010332945273366761,
        "scores": [
          0.518624405076679,
          0.5359598096245373,
          0.532258064516129,
          0.5075532390541168,
          0.5181368814996357
        ]
      },
      "RandomForest": {
        "mean": 0.5092149998316895,
        "std": 0.0069530448352246475,
        "scores": [
          0.4993554997355896,
          0.5210536753040719,
          0.509816234796404,
          0.5073462442869444,
          0.5085033450354375
        ]
      }
    },
    "BandPower": {
      "LogReg": {
        "mean": 0.5594102467974855,
        "std": 0.025588342702198473,
        "scores": [
          0.5747620306716024,
          0.532125859333686,
          0.597104706504495,
          0.5629760879644963,
          0.5300825495131483
        ]
      },
      "SVM": {
        "mean": 0.5294138342543356,
        "std": 0.015269164437257534,
        "scores": [
          0.5349517451084083,
          0.514806980433633,
          0.5261435748281332,
          0.5151520169570114,
          0.5560148539444922
        ]
      },
      "RandomForest": {
        "mean": 0.511791317784339,
        "std": 0.016718140793683486,
        "scores": [
          0.5147739291380222,
          0.5158315705975675,
          0.48838246959280807,
          0.5385589852288535,
          0.5014096343644433
        ]
      }
    },
    "FFT": {
      "LogReg": {
        "mean": 0.5555924624586147,
        "std": 0.013890126951859936,
        "scores": [
          0.5639873083024856,
          0.5527994447382337,
          0.572018773135907,
          0.5309043187388223,
          0.5582524673776248
        ]
      },
      "SVM": {
        "mean": 0.5388484792874928,
        "std": 0.009889989680971364,
        "scores": [
          0.5304071919619249,
          0.5456603648863035,
          0.553691829719725,
          0.5265946876862952,
          0.5378883221832151
        ]
      },
      "RandomForest": {
        "mean": 0.5199618355943043,
        "std": 0.024250620006188117,
        "scores": [
          0.5371331306187203,
          0.4780374140666314,
          0.5471146218931783,
          0.5101655130158309,
          0.527358498377161
        ]
      }
    }
  },
  "within_bci2a": {
    "TimeDomain": {
      "LogReg": {
        "mean": 0.638938223938224,
        "std": 0.01363303379048239,
        "scores": [
          0.6283189783189783,
          0.6184956934956936,
          0.6563706563706564,
          0.6467181467181468,
          0.6447876447876448
        ]
      },
      "SVM": {
        "mean": 0.5914746064746065,
        "std": 0.028757026112163887,
        "scores": [
          0.5474754974754974,
          0.5913647163647164,
          0.6138996138996139,
          0.5752895752895753,
          0.6293436293436293
        ]
      },
      "RandomForest": {
        "mean": 0.5876165726165727,
        "std": 0.037766125086310914,
        "scores": [
          0.5588431838431839,
          0.5471933471933472,
          0.6293436293436294,
          0.5656370656370657,
          0.6370656370656371
        ]
      }
    },
    "BandPower": {
      "LogReg": {
        "mean": 0.6423626373626374,
        "std": 0.027432877254015078,
        "scores": [
          0.6147609147609148,
          0.6472453222453223,
          0.6312741312741312,
          0.6254826254826255,
          0.6930501930501931
        ]
      },
      "SVM": {
        "mean": 0.5964775764775765,
        "std": 0.02094851208820041,
        "scores": [
          0.588030888030888,
          0.6086427086427086,
          0.5598455598455598,
          0.6061776061776062,
          0.6196911196911197
        ]
      },
      "RandomForest": {
        "mean": 0.608030888030888,
        "std": 0.019453808289831995,
        "scores": [
          0.5935699435699435,
          0.6377041877041877,
          0.581081081081081,
          0.611969111969112,
          0.6158301158301158
        ]
      }
    },
    "FFT": {
      "LogReg": {
        "mean": 0.6134645084645085,
        "std": 0.01535565324217885,
        "scores": [
          0.5878229878229878,
          0.6146346896346897,
          0.6235521235521235,
          0.6081081081081081,
          0.6332046332046333
        ]
      },
      "SVM": {
        "mean": 0.5945411345411346,
        "std": 0.0115917235519842,
        "scores": [
          0.607090882090882,
          0.5934140184140184,
          0.6081081081081081,
          0.5791505791505791,
          0.584942084942085
        ]
      },
      "RandomForest": {
        "mean": 0.5667745767745769,
        "std": 0.010024213653949052,
        "scores": [
          0.5531630531630531,
          0.5702851202851202,
          0.5579150579150579,
          0.5714285714285714,
          0.5810810810810811
        ]
      }
    }
  },
  "cross_phys_to_bci": {
    "TimeDomain": {
      "LogReg": {
        "balanced_accuracy": 0.5632716049382716
      },
      "SVM": {
        "balanced_accuracy": 0.4996141975308642
      },
      "RandomForest": {
        "balanced_accuracy": 0.5046296296296297
      }
    },
    "BandPower": {
      "LogReg": {
        "balanced_accuracy": 0.5806327160493827
      },
      "SVM": {
        "balanced_accuracy": 0.5262345679012346
      },
      "RandomForest": {
        "balanced_accuracy": 0.5216049382716049
      }
    },
    "FFT": {
      "LogReg": {
        "balanced_accuracy": 0.5717592592592593
      },
      "SVM": {
        "balanced_accuracy": 0.5358796296296297
      },
      "RandomForest": {
        "balanced_accuracy": 0.5138888888888888
      }
    }
  },
  "cross_bci_to_phys": {
    "TimeDomain": {
      "LogReg": {
        "balanced_accuracy": 0.5314036492100875
      },
      "SVM": {
        "balanced_accuracy": 0.5126940048691419
      },
      "RandomForest": {
        "balanced_accuracy": 0.5141838564132419
      }
    },
    "BandPower": {
      "LogReg": {
        "balanced_accuracy": 0.5369619796766254
      },
      "SVM": {
        "balanced_accuracy": 0.5118596020005821
      },
      "RandomForest": {
        "balanced_accuracy": 0.5064731138691153
      }
    },
    "FFT": {
      "LogReg": {
        "balanced_accuracy": 0.527496758315912
      },
      "SVM": {
        "balanced_accuracy": 0.5103475879224113
      },
      "RandomForest": {
        "balanced_accuracy": 0.4985073367911297
      }
    }
  },
  "gaps": {
    "TimeDomain": {
      "LogReg": {
        "phys_to_bci": {
          "gap": -0.0287,
          "normalised_gap": -0.0538
        },
        "bci_to_phys": {
          "gap": 0.1075,
          "normalised_gap": 0.1683
        }
      },
      "SVM": {
        "phys_to_bci": {
          "gap": 0.0229,
          "normalised_gap": 0.0438
        },
        "bci_to_phys": {
          "gap": 0.0788,
          "normalised_gap": 0.1332
        }
      },
      "RandomForest": {
        "phys_to_bci": {
          "gap": 0.0046,
          "normalised_gap": 0.009
        },
        "bci_to_phys": {
          "gap": 0.0734,
          "normalised_gap": 0.125
        }
      }
    },
    "BandPower": {
      "LogReg": {
        "phys_to_bci": {
          "gap": -0.0212,
          "normalised_gap": -0.0379
        },
        "bci_to_phys": {
          "gap": 0.1054,
          "normalised_gap": 0.1641
        }
      },
      "SVM": {
        "phys_to_bci": {
          "gap": 0.0032,
          "normalised_gap": 0.006
        },
        "bci_to_phys": {
          "gap": 0.0846,
          "normalised_gap": 0.1419
        }
      },